model,model_display_name,layer,mean_recovery,median_recovery,max_recovery,positive_recovery_rate,mean_normalized_recovery
qwen3_4b,Qwen3-4B,17,0.109375,0.125,2.125,0.625,0.4919770501714867
qwen3_4b,Qwen3-4B,18,0.095703125,0.09375,2.15625,0.5,0.6188934260840113
qwen3_4b,Qwen3-4B,28,0.08984375,-0.03125,2.0,0.5,0.607445082302745
qwen3_4b,Qwen3-4B,19,0.080078125,0.09375,2.34375,0.5625,0.5469850174589816
qwen3_4b,Qwen3-4B,16,0.078125,0.078125,1.75,0.5625,0.3198468612204639
