model,model_display_name,diagnostic_source,dataset_variant,prompt_mode,n_pairs,n_valid_pairs,strict_ccc,correct_flip_rate,wrong_flip_rate,invariant_yes_rate,invariant_no_rate,scca,signed_ccc,invalid_pair_rate
qwen3_8b,Qwen3-8B,main,main,formula_only,358,358,0.40782122905027934,0.276536312849162,0.13128491620111732,0.2988826815642458,0.29329608938547486,0.276536312849162,0.1452513966480447,0.0
qwen3_8b,Qwen3-8B,main,main,nl,358,358,0.4441340782122905,0.3016759776536313,0.1424581005586592,0.33798882681564246,0.21787709497206703,0.3016759776536313,0.1592178770949721,0.0
qwen3_8b,Qwen3-8B,main,main,nl_formal,358,358,0.4720670391061452,0.3128491620111732,0.15921787709497207,0.2877094972067039,0.24022346368715083,0.3128491620111732,0.15363128491620112,0.0
