prompt_mode,transition,n,pcc
cot,1→2,642,0.5264797507788161
cot,1→3,640,0.478125
cot,2→3,588,0.5289115646258503
direct,1→2,642,0.5249221183800623
direct,1→3,640,0.4640625
direct,2→3,588,0.5187074829931972
structured,1→2,642,0.5249221183800623
structured,1→3,640,0.4640625
structured,2→3,588,0.5187074829931972
