model,model_display_name,diagnostic_source,dataset_variant,prompt_mode,n_pairs,n_valid_pairs,strict_ccc,correct_flip_rate,wrong_flip_rate,invariant_yes_rate,invariant_no_rate,scca,signed_ccc,invalid_pair_rate
qwen3_8b,Qwen3-8B,main,main,nl_var_graph,358,358,0.46089385474860334,0.30726256983240224,0.15363128491620112,0.2681564245810056,0.2709497206703911,0.30726256983240224,0.15363128491620112,0.0
qwen3_8b,Qwen3-8B,main,main,nl_var_query,358,358,0.41620111731843573,0.26256983240223464,0.15363128491620112,0.2430167597765363,0.3407821229050279,0.26256983240223464,0.10893854748603352,0.0
